{
    "#": "store mode every n epoch",
    "model": "v3",
    "loss": "wasserstein",
    "d_layers": 3,
    "g_layers": 3,
    "d_dim": 600,
    "g_dim": 600,
    "activation": "leaky_relu",
    "z_dim": 20,
    "z_rand_type": "randn",
    "penalty": "GP_SquareHinge",
    "penalty_weight": 1,
    "#clamp_lower": -0.01,
    "#clamp_upper": 0.01,
    "#start_pth": "",
    "optimiser": "RMSprop",
    "shuffle": false,
    "#d_weight_decay": 0.5,
    "#g_weight_decay": 0.5,
    "#beta_1": "0.9",
    "#beta_2": "0.999",
    "#RMSProp_d_centered": true,
    "#RMSProp_g_centered": true,
    "d_learning_rate": 0.0004,
    "g_learning_rate": 0.0004,
    "r_instance_noise_sigma": -1,
    "f_instance_noise_sigma": -1,
    "schedule_learning_rate_step": 10000,
    "schedule_learning_rate_gamma": 0.8,
    "d_nb_update": 2,
    "g_nb_update": 1,
    "epoch": 80000,
    "batch_size": 10000,
    "#label_smoothing": 0.2,
    "keys": "Cx Cy Cz Vx Vy Vz Dx Dy Dz Wx Wy Wz t1 t2 t3 E1 E2",
    "gpu_mode": "auto",
    "epoch_dump": 500,
    "epoch_store_model_every": 10000,
    "keys_list": [
        "t1",
        "t2",
        "X1",
        "Y1",
        "Z1",
        "X2",
        "Y2",
        "Z2",
        "dX1",
        "dY1",
        "dZ1",
        "dX2",
        "dY2",
        "dZ2",
        "E1",
        "E2"
    ],
    "params_filename": "json5/test175.json",
    "training_size": 16416251,
    "x_dim": 16,
    "progress_bar": false,
    "training_filename": "results.t4/run.jiazv3aj/output.local_0/phsp_necr_pairs_tlor.npy",
    "start_date": "2021-09-16 11:47:38",
    "hostname": "r14i3n3",
    "start_epoch": 0,
    "RMSprop_d_momentum": 0,
    "RMSprop_g_momentum": 0,
    "RMSProp_d_alpha": 0.99,
    "RMSProp_g_alpha": 0.99,
    "RMSProp_d_weight_decay": 0,
    "RMSProp_g_weight_decay": 0,
    "RMSProp_d_centered": false,
    "RMSProp_g_centered": false,
    "d_nb_weights": 1093201,
    "g_nb_weights": 1104617,
    "x_mean": [
        -0.06134811043739319,
        -65.07755279541016,
        0.06798277795314789,
        -5.494070501299575e-05,
        -0.00019018810417037457,
        0.00032574316719546914,
        -0.08021949231624603,
        -75.67312622070312,
        0.07627268135547638,
        -5.114882151247002e-05,
        -0.0001915623724926263,
        0.00028927280800417066,
        2.9152474403381348,
        374.898681640625,
        374.8874206542969,
        0.33730655908584595,
        0.336303174495697
    ],
    "x_std": [
        123.29293060302734,
        120.9190444946289,
        245.8351287841797,
        0.5898650288581848,
        0.5718501210212708,
        0.5701286792755127,
        164.93556213378906,
        162.06466674804688,
        264.14764404296875,
        0.5970947742462158,
        0.5807241797447205,
        0.5533867478370667,
        0.8027143478393555,
        138.7550048828125,
        138.81837463378906,
        0.17029443383216858,
        0.16998465359210968
    ],
    "end_epoch": 80000,
    "Duration": "1:57:53.688680",
    "duration": "1:57:53.688680",
    "end_date": "2021-09-16 13:45:41",
    "output_filename": "pth_t4_1/test175_GP_SquareHinge_1_80000.pth",
    "current_gpu": false,
    "tlor": {
        "input_keys": [
            "Cx",
            "Cy",
            "Cz",
            "Vx",
            "Vy",
            "Vz",
            "Dx",
            "Dy",
            "Dz",
            "Wx",
            "Wy",
            "Wz",
            "t1",
            "t2",
            "t3",
            "E1",
            "E2"
        ],
        "output_keys": [
            "t1",
            "t2",
            "X1",
            "Y1",
            "Z1",
            "X2",
            "Y2",
            "Z2",
            "dX1",
            "dY1",
            "dZ1",
            "dX2",
            "dY2",
            "dZ2",
            "E1",
            "E2"
        ],
        "radius1": 170,
        "method": 3,
        "ignore_direction": false
    },
    "is_pairs": true,
    "apply_normalization": false,
    "t": "2",
    "A": "z",
    "B": "z",
    "d": "B",
    "E": "2"
}